seed,method,target_fraction,n_targeted,n_treated,n_control,uplift,uplift_ci95_low,uplift_ci95_high,incremental_conversions_per_10000,incremental_conversions_per_10000_ci95_low,incremental_conversions_per_10000_ci95_high,cumulative_gain,auuc,qini,train_index_hash,test_index_hash
42,random_ranking,0.05,2500,1228,1272,0.0496845102739,0.0121436656219,0.0873729206359,496.845102739,121.436656219,873.729206359,124.211275685,0.00557017854335,0.00337359996264,60e0a75702b796368e71e0b1d3aba6e43c0a19c3ccae3eae7ff048123574ce10,af119f97bab50616848d220b6397d14a930254493084a96a1a7d9b98eaf92a88
42,random_ranking,0.1,5001,2453,2548,0.0431090370232,0.0168560899382,0.0687481080739,431.090370232,168.560899382,687.481080739,215.588294153,0.00557017854335,0.00337359996264,60e0a75702b796368e71e0b1d3aba6e43c0a19c3ccae3eae7ff048123574ce10,af119f97bab50616848d220b6397d14a930254493084a96a1a7d9b98eaf92a88
42,random_ranking,0.2,10002,4894,5108,0.0383191794469,0.0207335008844,0.0550686415757,383.191794469,207.335008844,550.686415757,383.268432828,0.00557017854335,0.00337359996264,60e0a75702b796368e71e0b1d3aba6e43c0a19c3ccae3eae7ff048123574ce10,af119f97bab50616848d220b6397d14a930254493084a96a1a7d9b98eaf92a88
42,random_ranking,0.3,15003,7390,7613,0.0415797740742,0.0260364411207,0.0564243494542,415.797740742,260.364411207,564.243494542,623.821350436,0.00557017854335,0.00337359996264,60e0a75702b796368e71e0b1d3aba6e43c0a19c3ccae3eae7ff048123574ce10,af119f97bab50616848d220b6397d14a930254493084a96a1a7d9b98eaf92a88
42,random_ranking,0.5,25005,12409,12596,0.0394198888262,0.0275808066913,0.0517753939054,394.198888262,275.808066913,517.753939054,985.6943201,0.00557017854335,0.00337359996264,60e0a75702b796368e71e0b1d3aba6e43c0a19c3ccae3eae7ff048123574ce10,af119f97bab50616848d220b6397d14a930254493084a96a1a7d9b98eaf92a88
42,two_model_logistic,0.05,2500,1232,1268,0.0870273259863,0.0485551563972,0.1243764467,870.273259863,485.551563972,1243.764467,217.568314966,0.0195934454715,0.0124696024226,60e0a75702b796368e71e0b1d3aba6e43c0a19c3ccae3eae7ff048123574ce10,af119f97bab50616848d220b6397d14a930254493084a96a1a7d9b98eaf92a88
42,two_model_logistic,0.1,5001,2466,2535,0.0866597561151,0.0587254711412,0.112471913887,866.597561151,587.254711412,1124.71913887,433.385440332,0.0195934454715,0.0124696024226,60e0a75702b796368e71e0b1d3aba6e43c0a19c3ccae3eae7ff048123574ce10,af119f97bab50616848d220b6397d14a930254493084a96a1a7d9b98eaf92a88
42,two_model_logistic,0.2,10002,4935,5067,0.0648769107935,0.0450582258526,0.0843719268189,648.769107935,450.582258526,843.719268189,648.898861757,0.0195934454715,0.0124696024226,60e0a75702b796368e71e0b1d3aba6e43c0a19c3ccae3eae7ff048123574ce10,af119f97bab50616848d220b6397d14a930254493084a96a1a7d9b98eaf92a88
42,two_model_logistic,0.3,15003,7449,7554,0.0635577953382,0.048571205564,0.080166859559,635.577953382,485.71205564,801.66859559,953.557603459,0.0195934454715,0.0124696024226,60e0a75702b796368e71e0b1d3aba6e43c0a19c3ccae3eae7ff048123574ce10,af119f97bab50616848d220b6397d14a930254493084a96a1a7d9b98eaf92a88
42,two_model_logistic,0.5,25005,12396,12609,0.0442708987119,0.031824421346,0.0563285267664,442.708987119,318.24421346,563.285267664,1106.99382229,0.0195934454715,0.0124696024226,60e0a75702b796368e71e0b1d3aba6e43c0a19c3ccae3eae7ff048123574ce10,af119f97bab50616848d220b6397d14a930254493084a96a1a7d9b98eaf92a88
42,s_learner,0.05,2500,1237,1263,0.0723751881003,0.0309458431024,0.111630841992,723.751881003,309.458431024,1116.30841992,180.937970251,0.0085212223273,0.00552585586511,60e0a75702b796368e71e0b1d3aba6e43c0a19c3ccae3eae7ff048123574ce10,af119f97bab50616848d220b6397d14a930254493084a96a1a7d9b98eaf92a88
42,s_learner,0.1,5001,2462,2539,0.0666859381944,0.0383828242056,0.0938980218902,666.859381944,383.828242056,938.980218902,333.49637691,0.0085212223273,0.00552585586511,60e0a75702b796368e71e0b1d3aba6e43c0a19c3ccae3eae7ff048123574ce10,af119f97bab50616848d220b6397d14a930254493084a96a1a7d9b98eaf92a88
42,s_learner,0.2,10002,4976,5026,0.057143928741,0.0363627125283,0.0767462230965,571.43928741,363.627125283,767.462230965,571.553575267,0.0085212223273,0.00552585586511,60e0a75702b796368e71e0b1d3aba6e43c0a19c3ccae3eae7ff048123574ce10,af119f97bab50616848d220b6397d14a930254493084a96a1a7d9b98eaf92a88
42,s_learner,0.3,15003,7531,7472,0.0519480579486,0.0359265895292,0.0675883418487,519.480579486,359.265895292,675.883418487,779.376713403,0.0085212223273,0.00552585586511,60e0a75702b796368e71e0b1d3aba6e43c0a19c3ccae3eae7ff048123574ce10,af119f97bab50616848d220b6397d14a930254493084a96a1a7d9b98eaf92a88
42,s_learner,0.5,25005,12490,12515,0.0428226880346,0.0306605668074,0.0538668673652,428.226880346,306.605668074,538.668673652,1070.7813143,0.0085212223273,0.00552585586511,60e0a75702b796368e71e0b1d3aba6e43c0a19c3ccae3eae7ff048123574ce10,af119f97bab50616848d220b6397d14a930254493084a96a1a7d9b98eaf92a88
42,t_learner,0.05,2500,1374,1126,0.141527117413,0.103678308914,0.183148118703,1415.27117413,1036.78308914,1831.48118703,353.817793532,0.00931656886885,0.00642484880018,60e0a75702b796368e71e0b1d3aba6e43c0a19c3ccae3eae7ff048123574ce10,af119f97bab50616848d220b6397d14a930254493084a96a1a7d9b98eaf92a88
42,t_learner,0.1,5001,2654,2347,0.0740716956887,0.0470699018035,0.0994376408948,740.716956887,470.699018035,994.376408948,370.432550139,0.00931656886885,0.00642484880018,60e0a75702b796368e71e0b1d3aba6e43c0a19c3ccae3eae7ff048123574ce10,af119f97bab50616848d220b6397d14a930254493084a96a1a7d9b98eaf92a88
42,t_learner,0.2,10002,5113,4889,0.0666325378618,0.0473633768027,0.0866770577903,666.325378618,473.633768027,866.770577903,666.458643693,0.00931656886885,0.00642484880018,60e0a75702b796368e71e0b1d3aba6e43c0a19c3ccae3eae7ff048123574ce10,af119f97bab50616848d220b6397d14a930254493084a96a1a7d9b98eaf92a88
42,t_learner,0.3,15003,7585,7418,0.0577222324219,0.0437284172921,0.0723661476218,577.222324219,437.284172921,723.661476218,866.006653025,0.00931656886885,0.00642484880018,60e0a75702b796368e71e0b1d3aba6e43c0a19c3ccae3eae7ff048123574ce10,af119f97bab50616848d220b6397d14a930254493084a96a1a7d9b98eaf92a88
42,t_learner,0.5,25005,12577,12428,0.0407765473982,0.0290575726201,0.0528924482094,407.765473982,290.575726201,528.924482094,1019.61756769,0.00931656886885,0.00642484880018,60e0a75702b796368e71e0b1d3aba6e43c0a19c3ccae3eae7ff048123574ce10,af119f97bab50616848d220b6397d14a930254493084a96a1a7d9b98eaf92a88
42,x_learner,0.05,2500,1399,1101,0.171464761063,0.131397994805,0.211604548857,1714.64761063,1313.97994805,2116.04548857,428.661902657,0.0178997732919,0.0121877271687,60e0a75702b796368e71e0b1d3aba6e43c0a19c3ccae3eae7ff048123574ce10,af119f97bab50616848d220b6397d14a930254493084a96a1a7d9b98eaf92a88
42,x_learner,0.1,5001,2641,2360,0.104271462402,0.077629429017,0.132921398385,1042.71462402,776.29429017,1329.21398385,521.461583472,0.0178997732919,0.0121877271687,60e0a75702b796368e71e0b1d3aba6e43c0a19c3ccae3eae7ff048123574ce10,af119f97bab50616848d220b6397d14a930254493084a96a1a7d9b98eaf92a88
42,x_learner,0.2,10002,5098,4904,0.083994171018,0.0649825932122,0.103348704703,839.94171018,649.825932122,1033.48704703,840.109698522,0.0178997732919,0.0121877271687,60e0a75702b796368e71e0b1d3aba6e43c0a19c3ccae3eae7ff048123574ce10,af119f97bab50616848d220b6397d14a930254493084a96a1a7d9b98eaf92a88
42,x_learner,0.3,15003,7616,7387,0.0622575338176,0.0464663895586,0.078754672642,622.575338176,464.663895586,787.54672642,934.049779866,0.0178997732919,0.0121877271687,60e0a75702b796368e71e0b1d3aba6e43c0a19c3ccae3eae7ff048123574ce10,af119f97bab50616848d220b6397d14a930254493084a96a1a7d9b98eaf92a88
42,x_learner,0.5,25005,12595,12410,0.0496282083722,0.0375407651246,0.0616122281299,496.282083722,375.407651246,616.122281299,1240.95335035,0.0178997732919,0.0121877271687,60e0a75702b796368e71e0b1d3aba6e43c0a19c3ccae3eae7ff048123574ce10,af119f97bab50616848d220b6397d14a930254493084a96a1a7d9b98eaf92a88
42,dr_learner,0.05,2500,1471,1029,0.208172382287,0.169602945578,0.244825799602,2081.72382287,1696.02945578,2448.25799602,520.430955717,0.0197964344709,0.0138987734026,60e0a75702b796368e71e0b1d3aba6e43c0a19c3ccae3eae7ff048123574ce10,af119f97bab50616848d220b6397d14a930254493084a96a1a7d9b98eaf92a88
42,dr_learner,0.1,5001,2713,2288,0.137938706152,0.111030244981,0.16482407371,1379.38706152,1110.30244981,1648.2407371,689.831469466,0.0197964344709,0.0138987734026,60e0a75702b796368e71e0b1d3aba6e43c0a19c3ccae3eae7ff048123574ce10,af119f97bab50616848d220b6397d14a930254493084a96a1a7d9b98eaf92a88
42,dr_learner,0.2,10002,5148,4854,0.0797261384406,0.060224967657,0.0985623084511,797.261384406,602.24967657,985.623084511,797.420836683,0.0197964344709,0.0138987734026,60e0a75702b796368e71e0b1d3aba6e43c0a19c3ccae3eae7ff048123574ce10,af119f97bab50616848d220b6397d14a930254493084a96a1a7d9b98eaf92a88
42,dr_learner,0.3,15003,7666,7337,0.0610983019744,0.0449723041558,0.0764177339917,610.983019744,449.723041558,764.177339917,916.657824522,0.0197964344709,0.0138987734026,60e0a75702b796368e71e0b1d3aba6e43c0a19c3ccae3eae7ff048123574ce10,af119f97bab50616848d220b6397d14a930254493084a96a1a7d9b98eaf92a88
42,dr_learner,0.5,25005,12686,12319,0.0454027062935,0.0342338881604,0.0572222369857,454.027062935,342.338881604,572.222369857,1135.29467087,0.0197964344709,0.0138987734026,60e0a75702b796368e71e0b1d3aba6e43c0a19c3ccae3eae7ff048123574ce10,af119f97bab50616848d220b6397d14a930254493084a96a1a7d9b98eaf92a88
42,causal_forest_dml,0.05,2500,1260,1240,0.0985535074245,0.0583829365079,0.138380696365,985.535074245,583.829365079,1383.80696365,246.383768561,0.00607455351014,0.00397533418326,60e0a75702b796368e71e0b1d3aba6e43c0a19c3ccae3eae7ff048123574ce10,af119f97bab50616848d220b6397d14a930254493084a96a1a7d9b98eaf92a88
42,causal_forest_dml,0.1,5001,2493,2508,0.0710410201195,0.0425957513574,0.0990089235505,710.410201195,425.957513574,990.089235505,355.276141618,0.00607455351014,0.00397533418326,60e0a75702b796368e71e0b1d3aba6e43c0a19c3ccae3eae7ff048123574ce10,af119f97bab50616848d220b6397d14a930254493084a96a1a7d9b98eaf92a88
42,causal_forest_dml,0.2,10002,4971,5031,0.0575300967436,0.0387959767126,0.0766108815747,575.300967436,387.959767126,766.108815747,575.416027629,0.00607455351014,0.00397533418326,60e0a75702b796368e71e0b1d3aba6e43c0a19c3ccae3eae7ff048123574ce10,af119f97bab50616848d220b6397d14a930254493084a96a1a7d9b98eaf92a88
42,causal_forest_dml,0.3,15003,7471,7532,0.0465419377301,0.0312406044921,0.0613096831558,465.419377301,312.406044921,613.096831558,698.268691765,0.00607455351014,0.00397533418326,60e0a75702b796368e71e0b1d3aba6e43c0a19c3ccae3eae7ff048123574ce10,af119f97bab50616848d220b6397d14a930254493084a96a1a7d9b98eaf92a88
42,causal_forest_dml,0.5,25005,12475,12530,0.0365951376016,0.0251455752687,0.0491544269705,365.951376016,251.455752687,491.544269705,915.061415729,0.00607455351014,0.00397533418326,60e0a75702b796368e71e0b1d3aba6e43c0a19c3ccae3eae7ff048123574ce10,af119f97bab50616848d220b6397d14a930254493084a96a1a7d9b98eaf92a88
137,random_ranking,0.05,2500,1240,1260,0.0448924731183,0.00968926011265,0.0839992959549,448.924731183,96.8926011265,839.992959549,112.231182796,0.00242682832402,0.00153594333197,19bd6790d07ff4f9e830e20f688bd4c46fbcec28aa6896089cdd8309928b4bc7,fe788b2c306f9da5469aabc3eea3cfe3100cb88949196986e8f56028570499fa
137,random_ranking,0.1,5001,2488,2513,0.0452828571173,0.0172705628481,0.0703737870149,452.828571173,172.705628481,703.737870149,226.459568443,0.00242682832402,0.00153594333197,19bd6790d07ff4f9e830e20f688bd4c46fbcec28aa6896089cdd8309928b4bc7,fe788b2c306f9da5469aabc3eea3cfe3100cb88949196986e8f56028570499fa
137,random_ranking,0.2,10002,5000,5002,0.041437504998,0.0226420411835,0.0600361615354,414.37504998,226.420411835,600.361615354,414.45792499,0.00242682832402,0.00153594333197,19bd6790d07ff4f9e830e20f688bd4c46fbcec28aa6896089cdd8309928b4bc7,fe788b2c306f9da5469aabc3eea3cfe3100cb88949196986e8f56028570499fa
137,random_ranking,0.3,15003,7516,7487,0.0380047075388,0.0226739942457,0.0523980189931,380.047075388,226.739942457,523.980189931,570.184627205,0.00242682832402,0.00153594333197,19bd6790d07ff4f9e830e20f688bd4c46fbcec28aa6896089cdd8309928b4bc7,fe788b2c306f9da5469aabc3eea3cfe3100cb88949196986e8f56028570499fa
137,random_ranking,0.5,25005,12561,12444,0.0355602365375,0.0225309793895,0.0473963010365,355.602365375,225.309793895,473.963010365,889.18371462,0.00242682832402,0.00153594333197,19bd6790d07ff4f9e830e20f688bd4c46fbcec28aa6896089cdd8309928b4bc7,fe788b2c306f9da5469aabc3eea3cfe3100cb88949196986e8f56028570499fa
137,two_model_logistic,0.05,2500,1264,1236,0.0784251976568,0.0406340251321,0.115931790484,784.251976568,406.340251321,1159.31790484,196.062994142,0.0225381188432,0.0145958634291,19bd6790d07ff4f9e830e20f688bd4c46fbcec28aa6896089cdd8309928b4bc7,fe788b2c306f9da5469aabc3eea3cfe3100cb88949196986e8f56028570499fa
137,two_model_logistic,0.1,5001,2497,2504,0.0753237751116,0.0493058603231,0.103738015971,753.237751116,493.058603231,1037.38015971,376.694199333,0.0225381188432,0.0145958634291,19bd6790d07ff4f9e830e20f688bd4c46fbcec28aa6896089cdd8309928b4bc7,fe788b2c306f9da5469aabc3eea3cfe3100cb88949196986e8f56028570499fa
137,two_model_logistic,0.2,10002,5018,4984,0.0632642231146,0.0448654126845,0.0828705624439,632.642231146,448.654126845,828.705624439,632.768759592,0.0225381188432,0.0145958634291,19bd6790d07ff4f9e830e20f688bd4c46fbcec28aa6896089cdd8309928b4bc7,fe788b2c306f9da5469aabc3eea3cfe3100cb88949196986e8f56028570499fa
137,two_model_logistic,0.3,15003,7533,7470,0.0547107586059,0.0388871295617,0.0710762244518,547.107586059,388.871295617,710.762244518,820.825511364,0.0225381188432,0.0145958634291,19bd6790d07ff4f9e830e20f688bd4c46fbcec28aa6896089cdd8309928b4bc7,fe788b2c306f9da5469aabc3eea3cfe3100cb88949196986e8f56028570499fa
137,two_model_logistic,0.5,25005,12536,12469,0.0511007822693,0.0384557811541,0.062372831879,511.007822693,384.557811541,623.72831879,1277.77506064,0.0225381188432,0.0145958634291,19bd6790d07ff4f9e830e20f688bd4c46fbcec28aa6896089cdd8309928b4bc7,fe788b2c306f9da5469aabc3eea3cfe3100cb88949196986e8f56028570499fa
137,s_learner,0.05,2500,1269,1231,0.0205737133507,-0.0208662289335,0.063618282368,205.737133507,-208.662289335,636.18282368,51.4342833768,0.0129237173177,0.0086102110065,19bd6790d07ff4f9e830e20f688bd4c46fbcec28aa6896089cdd8309928b4bc7,fe788b2c306f9da5469aabc3eea3cfe3100cb88949196986e8f56028570499fa
137,s_learner,0.1,5001,2590,2411,0.0535752319245,0.0252804832741,0.0819367474365,535.752319245,252.804832741,819.367474365,267.929734854,0.0129237173177,0.0086102110065,19bd6790d07ff4f9e830e20f688bd4c46fbcec28aa6896089cdd8309928b4bc7,fe788b2c306f9da5469aabc3eea3cfe3100cb88949196986e8f56028570499fa
137,s_learner,0.2,10002,5151,4851,0.05810100818,0.0372956083123,0.0778689273489,581.0100818,372.956083123,778.689273489,581.126283817,0.0129237173177,0.0086102110065,19bd6790d07ff4f9e830e20f688bd4c46fbcec28aa6896089cdd8309928b4bc7,fe788b2c306f9da5469aabc3eea3cfe3100cb88949196986e8f56028570499fa
137,s_learner,0.3,15003,7640,7363,0.0538181390894,0.0377117177262,0.0694257032296,538.181390894,377.117177262,694.257032296,807.433540758,0.0129237173177,0.0086102110065,19bd6790d07ff4f9e830e20f688bd4c46fbcec28aa6896089cdd8309928b4bc7,fe788b2c306f9da5469aabc3eea3cfe3100cb88949196986e8f56028570499fa
137,s_learner,0.5,25005,12501,12504,0.043407314363,0.0310082021653,0.0554871310871,434.07314363,310.082021653,554.871310871,1085.39989565,0.0129237173177,0.0086102110065,19bd6790d07ff4f9e830e20f688bd4c46fbcec28aa6896089cdd8309928b4bc7,fe788b2c306f9da5469aabc3eea3cfe3100cb88949196986e8f56028570499fa
137,t_learner,0.05,2500,1408,1092,0.131261967199,0.0878802187396,0.171409514964,1312.61967199,878.802187396,1714.09514964,328.154917999,0.0181866005057,0.0123875967491,19bd6790d07ff4f9e830e20f688bd4c46fbcec28aa6896089cdd8309928b4bc7,fe788b2c306f9da5469aabc3eea3cfe3100cb88949196986e8f56028570499fa
137,t_learner,0.1,5001,2672,2329,0.0766232134272,0.0491698293516,0.102123527741,766.232134272,491.698293516,1021.23527741,383.192690349,0.0181866005057,0.0123875967491,19bd6790d07ff4f9e830e20f688bd4c46fbcec28aa6896089cdd8309928b4bc7,fe788b2c306f9da5469aabc3eea3cfe3100cb88949196986e8f56028570499fa
137,t_learner,0.2,10002,5153,4849,0.0701293561982,0.0504141590691,0.0896792797041,701.293561982,504.141590691,896.792797041,701.433820694,0.0181866005057,0.0123875967491,19bd6790d07ff4f9e830e20f688bd4c46fbcec28aa6896089cdd8309928b4bc7,fe788b2c306f9da5469aabc3eea3cfe3100cb88949196986e8f56028570499fa
137,t_learner,0.3,15003,7650,7353,0.0590161678707,0.0440716634267,0.0743865449076,590.161678707,440.716634267,743.865449076,885.419566563,0.0181866005057,0.0123875967491,19bd6790d07ff4f9e830e20f688bd4c46fbcec28aa6896089cdd8309928b4bc7,fe788b2c306f9da5469aabc3eea3cfe3100cb88949196986e8f56028570499fa
137,t_learner,0.5,25005,12603,12402,0.0489115503443,0.0376047311134,0.0607633990932,489.115503443,376.047311134,607.633990932,1223.03331636,0.0181866005057,0.0123875967491,19bd6790d07ff4f9e830e20f688bd4c46fbcec28aa6896089cdd8309928b4bc7,fe788b2c306f9da5469aabc3eea3cfe3100cb88949196986e8f56028570499fa
137,x_learner,0.05,2500,1452,1048,0.142927365256,0.105129999685,0.182409495721,1429.27365256,1051.29999685,1824.09495721,357.318413139,0.0235672239269,0.016194460677,19bd6790d07ff4f9e830e20f688bd4c46fbcec28aa6896089cdd8309928b4bc7,fe788b2c306f9da5469aabc3eea3cfe3100cb88949196986e8f56028570499fa
137,x_learner,0.1,5001,2727,2274,0.0928277084525,0.064827489785,0.120985505543,928.277084525,648.27489785,1209.85505543,464.231369971,0.0235672239269,0.016194460677,19bd6790d07ff4f9e830e20f688bd4c46fbcec28aa6896089cdd8309928b4bc7,fe788b2c306f9da5469aabc3eea3cfe3100cb88949196986e8f56028570499fa
137,x_learner,0.2,10002,5211,4791,0.0892638723513,0.0693015695688,0.109042138115,892.638723513,693.015695688,1090.42138115,892.817251258,0.0235672239269,0.016194460677,19bd6790d07ff4f9e830e20f688bd4c46fbcec28aa6896089cdd8309928b4bc7,fe788b2c306f9da5469aabc3eea3cfe3100cb88949196986e8f56028570499fa
137,x_learner,0.3,15003,7672,7331,0.0714360389672,0.0561673441265,0.0873721508495,714.360389672,561.673441265,873.721508495,1071.75489262,0.0235672239269,0.016194460677,19bd6790d07ff4f9e830e20f688bd4c46fbcec28aa6896089cdd8309928b4bc7,fe788b2c306f9da5469aabc3eea3cfe3100cb88949196986e8f56028570499fa
137,x_learner,0.5,25005,12692,12313,0.0500168368141,0.0381402268642,0.0631596909111,500.168368141,381.402268642,631.596909111,1250.67100454,0.0235672239269,0.016194460677,19bd6790d07ff4f9e830e20f688bd4c46fbcec28aa6896089cdd8309928b4bc7,fe788b2c306f9da5469aabc3eea3cfe3100cb88949196986e8f56028570499fa
137,dr_learner,0.05,2500,1479,1021,0.160250029966,0.12359210799,0.199950266844,1602.50029966,1235.9210799,1999.50266844,400.625074914,0.0207196032537,0.0144826085226,19bd6790d07ff4f9e830e20f688bd4c46fbcec28aa6896089cdd8309928b4bc7,fe788b2c306f9da5469aabc3eea3cfe3100cb88949196986e8f56028570499fa
137,dr_learner,0.1,5001,2711,2290,0.112249302937,0.0845893328007,0.139912067769,1122.49302937,845.893328007,1399.12067769,561.358763988,0.0207196032537,0.0144826085226,19bd6790d07ff4f9e830e20f688bd4c46fbcec28aa6896089cdd8309928b4bc7,fe788b2c306f9da5469aabc3eea3cfe3100cb88949196986e8f56028570499fa
137,dr_learner,0.2,10002,5199,4803,0.0700996047503,0.0508114158311,0.0890577921882,700.996047503,508.114158311,890.577921882,701.136246713,0.0207196032537,0.0144826085226,19bd6790d07ff4f9e830e20f688bd4c46fbcec28aa6896089cdd8309928b4bc7,fe788b2c306f9da5469aabc3eea3cfe3100cb88949196986e8f56028570499fa
137,dr_learner,0.3,15003,7727,7276,0.0643166621998,0.04903425063,0.0812281854507,643.166621998,490.3425063,812.281854507,964.942882984,0.0207196032537,0.0144826085226,19bd6790d07ff4f9e830e20f688bd4c46fbcec28aa6896089cdd8309928b4bc7,fe788b2c306f9da5469aabc3eea3cfe3100cb88949196986e8f56028570499fa
137,dr_learner,0.5,25005,12712,12293,0.0500225521931,0.0373752374245,0.0629488773997,500.225521931,373.752374245,629.488773997,1250.81391759,0.0207196032537,0.0144826085226,19bd6790d07ff4f9e830e20f688bd4c46fbcec28aa6896089cdd8309928b4bc7,fe788b2c306f9da5469aabc3eea3cfe3100cb88949196986e8f56028570499fa
137,causal_forest_dml,0.05,2500,1315,1185,0.0730423063965,0.0341932585712,0.112300300011,730.423063965,341.932585712,1123.00300011,182.605765991,0.0156886577136,0.0105248835938,19bd6790d07ff4f9e830e20f688bd4c46fbcec28aa6896089cdd8309928b4bc7,fe788b2c306f9da5469aabc3eea3cfe3100cb88949196986e8f56028570499fa
137,causal_forest_dml,0.1,5001,2513,2488,0.0662174058241,0.0382722863617,0.0949462913429,662.174058241,382.722863617,949.462913429,331.153246526,0.0156886577136,0.0105248835938,19bd6790d07ff4f9e830e20f688bd4c46fbcec28aa6896089cdd8309928b4bc7,fe788b2c306f9da5469aabc3eea3cfe3100cb88949196986e8f56028570499fa
137,causal_forest_dml,0.2,10002,5034,4968,0.0533389857184,0.0337951926897,0.0736648699472,533.389857184,337.951926897,736.648699472,533.496535155,0.0156886577136,0.0105248835938,19bd6790d07ff4f9e830e20f688bd4c46fbcec28aa6896089cdd8309928b4bc7,fe788b2c306f9da5469aabc3eea3cfe3100cb88949196986e8f56028570499fa
137,causal_forest_dml,0.3,15003,7555,7448,0.0472192820142,0.0310565302177,0.0630356160978,472.192820142,310.565302177,630.356160978,708.43088806,0.0156886577136,0.0105248835938,19bd6790d07ff4f9e830e20f688bd4c46fbcec28aa6896089cdd8309928b4bc7,fe788b2c306f9da5469aabc3eea3cfe3100cb88949196986e8f56028570499fa
137,causal_forest_dml,0.5,25005,12559,12446,0.0437656645336,0.0313135527548,0.0555448819896,437.656645336,313.135527548,555.448819896,1094.36044166,0.0156886577136,0.0105248835938,19bd6790d07ff4f9e830e20f688bd4c46fbcec28aa6896089cdd8309928b4bc7,fe788b2c306f9da5469aabc3eea3cfe3100cb88949196986e8f56028570499fa
256,random_ranking,0.05,2500,1233,1267,0.0246509594415,-0.0137205217477,0.0610843381592,246.509594415,-137.205217477,610.843381592,61.6273986036,0.00405947298513,0.00271839352387,1eaddf8e95d8b450932f7abd66d6bf7c22272f3c18c5aa5ed7b9035b7726a11e,2b5c5de909598a43ca7876ee70b545acf8a12eca36bc96419a8c7c846c862a40
256,random_ranking,0.1,5001,2488,2513,0.0269740436547,-0.000159220286024,0.0542139715921,269.740436547,-1.59220286024,542.139715921,134.897192317,0.00405947298513,0.00271839352387,1eaddf8e95d8b450932f7abd66d6bf7c22272f3c18c5aa5ed7b9035b7726a11e,2b5c5de909598a43ca7876ee70b545acf8a12eca36bc96419a8c7c846c862a40
256,random_ranking,0.2,10002,4955,5047,0.0338680380208,0.0151697454623,0.050847025848,338.680380208,151.697454623,508.47025848,338.748116284,0.00405947298513,0.00271839352387,1eaddf8e95d8b450932f7abd66d6bf7c22272f3c18c5aa5ed7b9035b7726a11e,2b5c5de909598a43ca7876ee70b545acf8a12eca36bc96419a8c7c846c862a40
256,random_ranking,0.3,15003,7505,7498,0.036747814074,0.0206145027526,0.0519415068535,367.47814074,206.145027526,519.415068535,551.327454552,0.00405947298513,0.00271839352387,1eaddf8e95d8b450932f7abd66d6bf7c22272f3c18c5aa5ed7b9035b7726a11e,2b5c5de909598a43ca7876ee70b545acf8a12eca36bc96419a8c7c846c862a40
256,random_ranking,0.5,25005,12575,12430,0.0371139854357,0.0253833035576,0.0487977413076,371.139854357,253.833035576,487.977413076,928.035205821,0.00405947298513,0.00271839352387,1eaddf8e95d8b450932f7abd66d6bf7c22272f3c18c5aa5ed7b9035b7726a11e,2b5c5de909598a43ca7876ee70b545acf8a12eca36bc96419a8c7c846c862a40
256,two_model_logistic,0.05,2500,1261,1239,0.0929268762573,0.0547051963704,0.129784402504,929.268762573,547.051963704,1297.84402504,232.317190643,0.0230829749507,0.0149334969011,1eaddf8e95d8b450932f7abd66d6bf7c22272f3c18c5aa5ed7b9035b7726a11e,2b5c5de909598a43ca7876ee70b545acf8a12eca36bc96419a8c7c846c862a40
256,two_model_logistic,0.1,5001,2534,2467,0.0751994200319,0.0485379623501,0.102116717306,751.994200319,485.379623501,1021.16717306,376.072299579,0.0230829749507,0.0149334969011,1eaddf8e95d8b450932f7abd66d6bf7c22272f3c18c5aa5ed7b9035b7726a11e,2b5c5de909598a43ca7876ee70b545acf8a12eca36bc96419a8c7c846c862a40
256,two_model_logistic,0.2,10002,5029,4973,0.0710771552744,0.0511902101933,0.0916587802409,710.771552744,511.902101933,916.587802409,710.913707054,0.0230829749507,0.0149334969011,1eaddf8e95d8b450932f7abd66d6bf7c22272f3c18c5aa5ed7b9035b7726a11e,2b5c5de909598a43ca7876ee70b545acf8a12eca36bc96419a8c7c846c862a40
256,two_model_logistic,0.3,15003,7504,7499,0.0573779773337,0.0416498812315,0.0732389451856,573.779773337,416.498812315,732.389451856,860.841793938,0.0230829749507,0.0149334969011,1eaddf8e95d8b450932f7abd66d6bf7c22272f3c18c5aa5ed7b9035b7726a11e,2b5c5de909598a43ca7876ee70b545acf8a12eca36bc96419a8c7c846c862a40
256,two_model_logistic,0.5,25005,12469,12536,0.0522684387466,0.0397580617033,0.0642077235078,522.684387466,397.580617033,642.077235078,1306.97231086,0.0230829749507,0.0149334969011,1eaddf8e95d8b450932f7abd66d6bf7c22272f3c18c5aa5ed7b9035b7726a11e,2b5c5de909598a43ca7876ee70b545acf8a12eca36bc96419a8c7c846c862a40
256,s_learner,0.05,2500,1270,1230,0.0789130017284,0.0390519172908,0.116922572178,789.130017284,390.519172908,1169.22572178,197.282504321,0.0160548044379,0.0104019282905,1eaddf8e95d8b450932f7abd66d6bf7c22272f3c18c5aa5ed7b9035b7726a11e,2b5c5de909598a43ca7876ee70b545acf8a12eca36bc96419a8c7c846c862a40
256,s_learner,0.1,5001,2505,2496,0.0824264931675,0.0564062739905,0.108440282896,824.264931675,564.062739905,1084.40282896,412.214892331,0.0160548044379,0.0104019282905,1eaddf8e95d8b450932f7abd66d6bf7c22272f3c18c5aa5ed7b9035b7726a11e,2b5c5de909598a43ca7876ee70b545acf8a12eca36bc96419a8c7c846c862a40
256,s_learner,0.2,10002,5011,4991,0.0765950253062,0.0577835154166,0.0963786501994,765.950253062,577.835154166,963.786501994,766.103443112,0.0160548044379,0.0104019282905,1eaddf8e95d8b450932f7abd66d6bf7c22272f3c18c5aa5ed7b9035b7726a11e,2b5c5de909598a43ca7876ee70b545acf8a12eca36bc96419a8c7c846c862a40
256,s_learner,0.3,15003,7500,7503,0.0590073837132,0.0436757457017,0.0747363134746,590.073837132,436.757457017,747.363134746,885.287777849,0.0160548044379,0.0104019282905,1eaddf8e95d8b450932f7abd66d6bf7c22272f3c18c5aa5ed7b9035b7726a11e,2b5c5de909598a43ca7876ee70b545acf8a12eca36bc96419a8c7c846c862a40
256,s_learner,0.5,25005,12487,12518,0.0480347588333,0.0365884682076,0.0594836285912,480.347588333,365.884682076,594.836285912,1201.10914463,0.0160548044379,0.0104019282905,1eaddf8e95d8b450932f7abd66d6bf7c22272f3c18c5aa5ed7b9035b7726a11e,2b5c5de909598a43ca7876ee70b545acf8a12eca36bc96419a8c7c846c862a40
256,t_learner,0.05,2500,1382,1118,0.128295307156,0.088811650689,0.166080115153,1282.95307156,888.11650689,1660.80115153,320.738267891,0.0191391987049,0.0127911774553,1eaddf8e95d8b450932f7abd66d6bf7c22272f3c18c5aa5ed7b9035b7726a11e,2b5c5de909598a43ca7876ee70b545acf8a12eca36bc96419a8c7c846c862a40
256,t_learner,0.1,5001,2651,2350,0.106808671156,0.0797483607149,0.133597827396,1068.08671156,797.483607149,1335.97827396,534.15016445,0.0191391987049,0.0127911774553,1eaddf8e95d8b450932f7abd66d6bf7c22272f3c18c5aa5ed7b9035b7726a11e,2b5c5de909598a43ca7876ee70b545acf8a12eca36bc96419a8c7c846c862a40
256,t_learner,0.2,10002,5147,4855,0.0771325501922,0.0573332650358,0.0952749384371,771.325501922,573.332650358,952.749384371,771.479767023,0.0191391987049,0.0127911774553,1eaddf8e95d8b450932f7abd66d6bf7c22272f3c18c5aa5ed7b9035b7726a11e,2b5c5de909598a43ca7876ee70b545acf8a12eca36bc96419a8c7c846c862a40
256,t_learner,0.3,15003,7567,7436,0.0649241706845,0.0496728086011,0.0810985645856,649.241706845,496.728086011,810.985645856,974.05733278,0.0191391987049,0.0127911774553,1eaddf8e95d8b450932f7abd66d6bf7c22272f3c18c5aa5ed7b9035b7726a11e,2b5c5de909598a43ca7876ee70b545acf8a12eca36bc96419a8c7c846c862a40
256,t_learner,0.5,25005,12525,12480,0.0498343697221,0.038489168298,0.0617443910256,498.343697221,384.89168298,617.443910256,1246.1084149,0.0191391987049,0.0127911774553,1eaddf8e95d8b450932f7abd66d6bf7c22272f3c18c5aa5ed7b9035b7726a11e,2b5c5de909598a43ca7876ee70b545acf8a12eca36bc96419a8c7c846c862a40
256,x_learner,0.05,2500,1386,1114,0.137714669133,0.0971012380797,0.175402330564,1377.14669133,971.012380797,1754.02330564,344.286672832,0.0225806670029,0.015185767165,1eaddf8e95d8b450932f7abd66d6bf7c22272f3c18c5aa5ed7b9035b7726a11e,2b5c5de909598a43ca7876ee70b545acf8a12eca36bc96419a8c7c846c862a40
256,x_learner,0.1,5001,2624,2377,0.116375683635,0.0882844204688,0.142753699228,1163.75683635,882.844204688,1427.53699228,581.994793858,0.0225806670029,0.015185767165,1eaddf8e95d8b450932f7abd66d6bf7c22272f3c18c5aa5ed7b9035b7726a11e,2b5c5de909598a43ca7876ee70b545acf8a12eca36bc96419a8c7c846c862a40
256,x_learner,0.2,10002,5111,4891,0.0891899283864,0.0709565285101,0.107419982982,891.899283864,709.565285101,1074.19982982,892.077663721,0.0225806670029,0.015185767165,1eaddf8e95d8b450932f7abd66d6bf7c22272f3c18c5aa5ed7b9035b7726a11e,2b5c5de909598a43ca7876ee70b545acf8a12eca36bc96419a8c7c846c862a40
256,x_learner,0.3,15003,7591,7412,0.0668308708803,0.0518315956714,0.082177470384,668.308708803,518.315956714,821.77470384,1002.66355582,0.0225806670029,0.015185767165,1eaddf8e95d8b450932f7abd66d6bf7c22272f3c18c5aa5ed7b9035b7726a11e,2b5c5de909598a43ca7876ee70b545acf8a12eca36bc96419a8c7c846c862a40
256,x_learner,0.5,25005,12562,12443,0.0497618159665,0.0368004291257,0.0617412882445,497.618159665,368.004291257,617.412882445,1244.29420824,0.0225806670029,0.015185767165,1eaddf8e95d8b450932f7abd66d6bf7c22272f3c18c5aa5ed7b9035b7726a11e,2b5c5de909598a43ca7876ee70b545acf8a12eca36bc96419a8c7c846c862a40
256,dr_learner,0.05,2500,1503,997,0.211595531772,0.173176365424,0.24707066976,2115.95531772,1731.76365424,2470.7066976,528.988829429,0.0199362346038,0.0138442213177,1eaddf8e95d8b450932f7abd66d6bf7c22272f3c18c5aa5ed7b9035b7726a11e,2b5c5de909598a43ca7876ee70b545acf8a12eca36bc96419a8c7c846c862a40
256,dr_learner,0.1,5001,2716,2285,0.141576781404,0.113945957661,0.168860887584,1415.76781404,1139.45957661,1688.60887584,708.025483801,0.0199362346038,0.0138442213177,1eaddf8e95d8b450932f7abd66d6bf7c22272f3c18c5aa5ed7b9035b7726a11e,2b5c5de909598a43ca7876ee70b545acf8a12eca36bc96419a8c7c846c862a40
256,dr_learner,0.2,10002,5187,4815,0.0821083381831,0.0613274919866,0.10173720306,821.083381831,613.274919866,1017.3720306,821.247598507,0.0199362346038,0.0138442213177,1eaddf8e95d8b450932f7abd66d6bf7c22272f3c18c5aa5ed7b9035b7726a11e,2b5c5de909598a43ca7876ee70b545acf8a12eca36bc96419a8c7c846c862a40
256,dr_learner,0.3,15003,7677,7326,0.0662216090118,0.0494767948168,0.0822118798965,662.216090118,494.767948168,822.118798965,993.522800003,0.0199362346038,0.0138442213177,1eaddf8e95d8b450932f7abd66d6bf7c22272f3c18c5aa5ed7b9035b7726a11e,2b5c5de909598a43ca7876ee70b545acf8a12eca36bc96419a8c7c846c862a40
256,dr_learner,0.5,25005,12621,12384,0.0432797151481,0.0318959799567,0.0553197941216,432.797151481,318.959799567,553.197941216,1082.20927728,0.0199362346038,0.0138442213177,1eaddf8e95d8b450932f7abd66d6bf7c22272f3c18c5aa5ed7b9035b7726a11e,2b5c5de909598a43ca7876ee70b545acf8a12eca36bc96419a8c7c846c862a40
256,causal_forest_dml,0.05,2500,1272,1228,0.0954663716633,0.0606209539467,0.132493201094,954.663716633,606.209539467,1324.93201094,238.665929158,0.0119539325292,0.00784027106628,1eaddf8e95d8b450932f7abd66d6bf7c22272f3c18c5aa5ed7b9035b7726a11e,2b5c5de909598a43ca7876ee70b545acf8a12eca36bc96419a8c7c846c862a40
256,causal_forest_dml,0.1,5001,2527,2474,0.0838910662181,0.0582698529287,0.111694475733,838.910662181,582.698529287,1116.94475733,419.539222157,0.0119539325292,0.00784027106628,1eaddf8e95d8b450932f7abd66d6bf7c22272f3c18c5aa5ed7b9035b7726a11e,2b5c5de909598a43ca7876ee70b545acf8a12eca36bc96419a8c7c846c862a40
256,causal_forest_dml,0.2,10002,5044,4958,0.0617891317999,0.0415924515334,0.0825409970317,617.891317999,415.924515334,825.409970317,618.014896263,0.0119539325292,0.00784027106628,1eaddf8e95d8b450932f7abd66d6bf7c22272f3c18c5aa5ed7b9035b7726a11e,2b5c5de909598a43ca7876ee70b545acf8a12eca36bc96419a8c7c846c862a40
256,causal_forest_dml,0.3,15003,7493,7510,0.0472462447419,0.0307157163819,0.0619078752242,472.462447419,307.157163819,619.078752242,708.835409862,0.0119539325292,0.00784027106628,1eaddf8e95d8b450932f7abd66d6bf7c22272f3c18c5aa5ed7b9035b7726a11e,2b5c5de909598a43ca7876ee70b545acf8a12eca36bc96419a8c7c846c862a40
256,causal_forest_dml,0.5,25005,12470,12535,0.0424203729157,0.0308224909308,0.0553585413928,424.203729157,308.224909308,553.585413928,1060.72142476,0.0119539325292,0.00784027106628,1eaddf8e95d8b450932f7abd66d6bf7c22272f3c18c5aa5ed7b9035b7726a11e,2b5c5de909598a43ca7876ee70b545acf8a12eca36bc96419a8c7c846c862a40
